-- MySQL dump 10.13  Distrib 5.6.23, for Win32 (x86)
--
-- Host: 127.0.0.1    Database: test
-- ------------------------------------------------------
-- Server version	5.6.20

/*!40101 SET @OLD_CHARACTER_SET_CLIENT=@@CHARACTER_SET_CLIENT */;
/*!40101 SET @OLD_CHARACTER_SET_RESULTS=@@CHARACTER_SET_RESULTS */;
/*!40101 SET @OLD_COLLATION_CONNECTION=@@COLLATION_CONNECTION */;
/*!40101 SET NAMES utf8 */;
/*!40103 SET @OLD_TIME_ZONE=@@TIME_ZONE */;
/*!40103 SET TIME_ZONE='+08:00' */;
/*!40014 SET @OLD_UNIQUE_CHECKS=@@UNIQUE_CHECKS, UNIQUE_CHECKS=0 */;
/*!40014 SET @OLD_FOREIGN_KEY_CHECKS=@@FOREIGN_KEY_CHECKS, FOREIGN_KEY_CHECKS=0 */;
/*!40101 SET @OLD_SQL_MODE=@@SQL_MODE, SQL_MODE='NO_AUTO_VALUE_ON_ZERO' */;
/*!40111 SET @OLD_SQL_NOTES=@@SQL_NOTES, SQL_NOTES=0 */;

--
-- Table structure for table `t_courses`
--

DROP TABLE IF EXISTS `t_courses`;
/*!40101 SET @saved_cs_client     = @@character_set_client */;
/*!40101 SET character_set_client = utf8 */;
CREATE TABLE `t_courses` (
  `courseID` varchar(20) NOT NULL COMMENT '课程代码',
  `courseName` varchar(45) NOT NULL COMMENT '课程名称',
  `courseCredit` varchar(5) NOT NULL COMMENT '课程学分',
  `courseType` varchar(1) NOT NULL DEFAULT '0' COMMENT '课程类型:必修课、限选课、任选课',
  PRIMARY KEY (`courseID`)
) ENGINE=InnoDB DEFAULT CHARSET=utf8 COMMENT='学生所修课程列表';
/*!40101 SET character_set_client = @saved_cs_client */;

--
-- Dumping data for table `t_courses`
--

LOCK TABLES `t_courses` WRITE;
/*!40000 ALTER TABLE `t_courses` DISABLE KEYS */;
INSERT INTO `t_courses` VALUES ('12060051','工程制图C','2','0'),('14010271','嵌入式系统设计','3','0'),('14010402','微机系统与接口技术','4.5','0'),('14020101','C语言程序设计1','2.5','0'),('14020111','C语言程序设计2','3','0'),('14030123','Java程序设计','3','2'),('14030343','操作系统','3','2'),('14030752','数据结构','3','0'),('14031621','移动应用开发','3','2'),('14031631','物联网技术','2','2'),('14031671','工业信息化技术','3','2'),('14031681','云计算','2','2'),('14033031','C++应用实践','3','0'),('14040011','DSP原理及应用','2','2'),('14040041','Matlab实践','2','0'),('14040061','毕业设计(论文)','18','0'),('14040102','电磁场与电磁波','3.5','0'),('14040111','电工生产实习','1','0'),('14040121','电路分析','5','0'),('14040131','对象关系数据库开发','2','2'),('14040171','光通信原理与系统','3','0'),('14040191','交换技术','3','0'),('14040242','模拟电子线路','5','0'),('14040251','模拟电子线路课程设计','2','0'),('14040291','数字电路','4','0'),('14040351','数字信号处理','3','0'),('14040371','通信电子线路','3.5','0'),('14040383','通信系统实验','4','0'),('14040402','通信原理','4.5','0'),('14040421','微波技术与天线','3','0'),('14040511','信号与系统','4','0'),('14040521','信息安全技术','2','2'),('14040532','信息论与编码','3','0'),('14040541','移动通信','3','0'),('14040622','通信网基础','3.5','0'),('14040651','毕业实习','1','0'),('14040751','随机过程','2','0'),('14040761','FPGA开发与应用','3','0'),('14040771','卫星通信系统','3','2'),('14040781','科技英语','2','0'),('14040801','SOC设计基础','2','2'),('14040811','电路综合课程设计','4','0'),('14040821','软件综合课程设计','4','0'),('14040831','通信信号处理综合实验','3','0'),('14040841','无线通信原理','2','0'),('20020351','线性代数','2.5','0'),('20040063','复变函数','3','0'),('20040101','概率统计','3','0'),('20040131','高等数学A-1','5.5','0'),('20040141','高等数学A-2','5.5','0'),('20050071','大学物理A-1','3.5','0'),('20050081','大学物理A-2','3','0'),('20050091','大学物理B-1','2.5','0'),('20050101','大学物理B-2','3','0'),('20050111','大学物理实验A-1','1.5','0'),('20050121','大学物理实验A-2','2','0'),('23030041','马克思主义基本原理','3','0'),('23030051','毛泽东思想和中国特色社会主义理论体系概论','3','0'),('23030071','思想道德修养与法律基础','2','0'),('23030091','中国近现代史纲要','2','0'),('24010111','英语强化周','0','0'),('24010212','大学英语拓展','4','1'),('24010261','大学英语A-1','6','0'),('24010262','大学英语A-1(听力)','0','0'),('24010271','大学英语A-2','6','0'),('24010272','大学英语A-2(听力)','0','0'),('28010010','大学体育-1','1','0'),('28010021','大学体育-2','1','0'),('28010030','大学体育-3','1','0'),('28010040','大学体育-4','1','0'),('28010051','体育达标','0.5','0'),('29010021','金工实习','3','0'),('29020011','社会实践','3','0'),('29020041','形势与政策','2','0'),('29030012','军训','1','0'),('29030021','入学教育','0.5','0'),('29030031','就业指导','1','0'),('29030042','军事理论','1','0'),('29050021','专业导学','0.5','0'),('29050031','自主学习','4','2'),('33010011','科技文献检索','1','0');
/*!40000 ALTER TABLE `t_courses` ENABLE KEYS */;
UNLOCK TABLES;

--
-- Table structure for table `t_stud_course_info`
--

DROP TABLE IF EXISTS `t_stud_course_info`;
/*!40101 SET @saved_cs_client     = @@character_set_client */;
/*!40101 SET character_set_client = utf8 */;
CREATE TABLE `t_stud_course_info` (
  `ID` int(11) NOT NULL AUTO_INCREMENT,
  `scNumber` varchar(11) NOT NULL COMMENT '学号',
  `scCourseID` varchar(20) NOT NULL COMMENT '课程ID',
  `scScores` varchar(5) DEFAULT NULL COMMENT '成绩：大于等于0，正常成绩，-1：缓考，-2：作弊，-3：旷考，-4：取消考试资格',
  `scYear` varchar(10) NOT NULL COMMENT '选课学年',
  `scTerm` varchar(1) NOT NULL COMMENT '选课学期',
  PRIMARY KEY (`ID`),
  UNIQUE KEY `ID_UNIQUE` (`ID`)
) ENGINE=InnoDB AUTO_INCREMENT=1058 DEFAULT CHARSET=utf8 COMMENT='学生选课情况表';
/*!40101 SET character_set_client = @saved_cs_client */;

--
-- Dumping data for table `t_stud_course_info`
--

LOCK TABLES `t_stud_course_info` WRITE;
/*!40000 ALTER TABLE `t_stud_course_info` DISABLE KEYS */;
INSERT INTO `t_stud_course_info` VALUES (1000,'1403150203','14040511','90','2017-2018','1'),(1001,'1403150204','14040511','86','2017-2018','1'),(1002,'1403150205','14040511','61','2017-2018','1'),(1003,'1403150206','14040511','74','2017-2018','1'),(1004,'1403150207','14040511','77','2017-2018','1'),(1005,'1403150208','14040511','84','2017-2018','1'),(1006,'1403150209','14040511','64','2017-2018','1'),(1007,'1403150210','14040511','60','2017-2018','1'),(1008,'1403150211','14040511','91','2017-2018','1'),(1009,'1403150212','14040511','62','2017-2018','1'),(1010,'1403150214','14040511','67','2017-2018','1'),(1011,'1403150215','14040511','26','2017-2018','1'),(1012,'1403150216','14040511','84','2017-2018','1'),(1013,'1403150217','14040511','76','2017-2018','1'),(1014,'1403150218','14040511','77','2017-2018','1'),(1015,'1403150219','14040511','65','2017-2018','1'),(1016,'1403150220','14040511','67','2017-2018','1'),(1017,'1403150221','14040511','91','2017-2018','1'),(1018,'1403150222','14040511','70','2017-2018','1'),(1019,'1403150223','14040511','87','2017-2018','1'),(1020,'1403150224','14040511','63','2017-2018','1'),(1021,'1403150225','14040511','76','2017-2018','1'),(1022,'1403150226','14040511','64','2017-2018','1'),(1023,'1403150227','14040511','60','2017-2018','1'),(1024,'1403150228','14040511','68','2017-2018','1'),(1025,'1403150229','14040511','74','2017-2018','1'),(1026,'3504150220','14040511','64','2017-2018','1'),(1027,'1403150102','14040511','74','2017-2018','1'),(1028,'1403150201','14040251','良好','2017-2018','1'),(1029,'1403150202','14040251','优秀','2017-2018','1'),(1030,'1403150203','14040251','优秀','2017-2018','1'),(1031,'1403150204','14040251','优秀','2017-2018','1'),(1032,'1403150205','14040251','优秀','2017-2018','1'),(1033,'1403150206','14040251','良好','2017-2018','1'),(1034,'1403150207','14040251','良好','2017-2018','1'),(1035,'1403150208','14040251','良好','2017-2018','1'),(1036,'1403150209','14040251','中等','2017-2018','1'),(1037,'1403150210','14040251','中等','2017-2018','1'),(1038,'1403150211','14040251','良好','2017-2018','1'),(1039,'1403150212','14040251','良好','2017-2018','1'),(1040,'1403150214','14040251','中等','2017-2018','1'),(1041,'1403150215','14040251','及格','2017-2018','1'),(1042,'1403150216','14040251','良好','2017-2018','1'),(1043,'1403150217','14040251','良好','2017-2018','1'),(1044,'1403150218','14040251','良好','2017-2018','1'),(1045,'1403150219','14040251','良好','2017-2018','1'),(1046,'1403150220','14040251','良好','2017-2018','1'),(1047,'1403150221','14040251','良好','2017-2018','1'),(1048,'1403150222','14040251','及格','2017-2018','1'),(1049,'1403150223','14040251','良好','2017-2018','1'),(1050,'1403150224','14040251','良好','2017-2018','1'),(1051,'1403150225','14040251','及格','2017-2018','1'),(1052,'1403150226','14040251','良好','2017-2018','1'),(1053,'1403150227','14040251','中等','2017-2018','1'),(1054,'1403150228','14040251','优秀','2017-2018','1'),(1055,'1403150229','14040251','中等','2017-2018','1'),(1056,'3504150220','14040251','及格','2017-2018','1'),(1057,'1403150102','14040251','中等','2017-2018','1'),(624,'1403150230','20040063','87','2017-2018','1'),(625,'1403150101','20040063','71','2017-2018','1'),(626,'1403150103','20040063','100','2017-2018','1'),(627,'1403150104','20040063','98','2017-2018','1'),(628,'1403150105','20040063','98','2017-2018','1'),(629,'1403150106','20040063','76','2017-2018','1'),(630,'1403150107','20040063','94','2017-2018','1'),(631,'1403150108','20040063','88','2017-2018','1'),(632,'1403150109','20040063','78','2017-2018','1'),(633,'1403150110','20040063','83','2017-2018','1'),(634,'1403150111','20040063','97','2017-2018','1'),(635,'1403150113','20040063','87','2017-2018','1'),(636,'1403150114','20040063','98','2017-2018','1'),(637,'1403150115','20040063','90','2017-2018','1'),(638,'1403150116','20040063','62','2017-2018','1'),(639,'1403150117','20040063','45','2017-2018','1'),(640,'1403150118','20040063','78','2017-2018','1'),(641,'1403150119','20040063','96','2017-2018','1'),(642,'1403150120','20040063','48','2017-2018','1'),(643,'1403150121','20040063','92','2017-2018','1'),(644,'1403150122','20040063','62','2017-2018','1'),(645,'1403150123','20040063','83','2017-2018','1'),(646,'1403150124','20040063','94','2017-2018','1'),(647,'1403150125','20040063','64','2017-2018','1'),(648,'1403150126','20040063','63','2017-2018','1'),(649,'1403150127','20040063','62','2017-2018','1'),(650,'1403150128','20040063','45','2017-2018','1'),(651,'1403150129','20040063','62','2017-2018','1'),(652,'1403150130','20040063','45','2017-2018','1'),(653,'1403150131','20040063','62','2017-2018','1'),(654,'1403140134','20040063','45','2017-2018','1'),(655,'1403140205','20040063','62','2017-2018','1'),(656,'1403150230','23030051','83','2017-2018','1'),(657,'1403150101','23030051','82','2017-2018','1'),(658,'1403150103','23030051','92','2017-2018','1'),(659,'1403150104','23030051','90','2017-2018','1'),(660,'1403150105','23030051','92','2017-2018','1'),(661,'1403150106','23030051','90','2017-2018','1'),(662,'1403150107','23030051','90','2017-2018','1'),(663,'1403150108','23030051','90','2017-2018','1'),(664,'1403150109','23030051','85','2017-2018','1'),(665,'1403150110','23030051','85','2017-2018','1'),(666,'1403150111','23030051','85','2017-2018','1'),(667,'1403150113','23030051','82','2017-2018','1'),(668,'1403150114','23030051','85','2017-2018','1'),(669,'1403150115','23030051','84','2017-2018','1'),(670,'1403150116','23030051','81','2017-2018','1'),(671,'1403150117','23030051','81','2017-2018','1'),(672,'1403150118','23030051','83','2017-2018','1'),(673,'1403150119','23030051','83','2017-2018','1'),(674,'1403150120','23030051','80','2017-2018','1'),(675,'1403150121','23030051','84','2017-2018','1'),(676,'1403150122','23030051','88','2017-2018','1'),(677,'1403150123','23030051','88','2017-2018','1'),(678,'1403150124','23030051','87','2017-2018','1'),(679,'1403150125','23030051','86','2017-2018','1'),(680,'1403150126','23030051','83','2017-2018','1'),(681,'1403150127','23030051','81','2017-2018','1'),(682,'1403150128','23030051','81','2017-2018','1'),(683,'1403150129','23030051','81','2017-2018','1'),(684,'1403150130','23030051','81','2017-2018','1'),(685,'1403150131','23030051','81','2017-2018','1'),(686,'1403140134','23030051','81','2017-2018','1'),(687,'1403140205','23030051','81','2017-2018','1'),(688,'1403150230','20050101','60','2017-2018','1'),(689,'1403150101','20050101','83','2017-2018','1'),(690,'1403150103','20050101','87','2017-2018','1'),(691,'1403150104','20050101','90','2017-2018','1'),(692,'1403150105','20050101','96','2017-2018','1'),(693,'1403150106','20050101','94','2017-2018','1'),(694,'1403150107','20050101','94','2017-2018','1'),(695,'1403150108','20050101','92','2017-2018','1'),(696,'1403150109','20050101','74','2017-2018','1'),(697,'1403150110','20050101','74','2017-2018','1'),(698,'1403150111','20050101','74','2017-2018','1'),(699,'1403150113','20050101','61','2017-2018','1'),(700,'1403150114','20050101','88','2017-2018','1'),(701,'1403150115','20050101','83','2017-2018','1'),(702,'1403150116','20050101','47','2017-2018','1'),(703,'1403150117','20050101','50','2017-2018','1'),(704,'1403150118','20050101','80','2017-2018','1'),(705,'1403150119','20050101','77','2017-2018','1'),(706,'1403150120','20050101','43','2017-2018','1'),(707,'1403150121','20050101','82','2017-2018','1'),(708,'1403150122','20050101','76','2017-2018','1'),(709,'1403150123','20050101','65','2017-2018','1'),(710,'1403150124','20050101','71','2017-2018','1'),(711,'1403150125','20050101','49','2017-2018','1'),(712,'1403150126','20050101','49','2017-2018','1'),(713,'1403150127','20050101','47','2017-2018','1'),(714,'1403150128','20050101','50','2017-2018','1'),(715,'1403150129','20050101','47','2017-2018','1'),(716,'1403150130','20050101','50','2017-2018','1'),(717,'1403150131','20050101','47','2017-2018','1'),(718,'1403140134','20050101','50','2017-2018','1'),(719,'1403140205','20050101','47','2017-2018','1'),(720,'1403150230','28010030','93','2017-2018','1'),(721,'1403150101','28010030','97','2017-2018','1'),(722,'1403150103','28010030','95','2017-2018','1'),(723,'1403150104','28010030','97','2017-2018','1'),(724,'1403150105','28010030','89','2017-2018','1'),(725,'1403150106','28010030','87','2017-2018','1'),(726,'1403150107','28010030','86','2017-2018','1'),(727,'1403150108','28010030','85','2017-2018','1'),(728,'1403150109','28010030','95','2017-2018','1'),(729,'1403150110','28010030','95','2017-2018','1'),(730,'1403150111','28010030','95','2017-2018','1'),(731,'1403150113','28010030','78','2017-2018','1'),(732,'1403150114','28010030','93','2017-2018','1'),(733,'1403150115','28010030','84','2017-2018','1'),(734,'1403150116','28010030','40','2017-2018','1'),(735,'1403150117','28010030','85','2017-2018','1'),(736,'1403150118','28010030','85','2017-2018','1'),(737,'1403150119','28010030','90','2017-2018','1'),(738,'1403150120','28010030','77','2017-2018','1'),(739,'1403150121','28010030','97','2017-2018','1'),(740,'1403150122','28010030','84','2017-2018','1'),(741,'1403150123','28010030','88','2017-2018','1'),(742,'1403150124','28010030','93','2017-2018','1'),(743,'1403150125','28010030','83','2017-2018','1'),(744,'1403150126','28010030','80','2017-2018','1'),(745,'1403150127','28010030','40','2017-2018','1'),(746,'1403150128','28010030','85','2017-2018','1'),(747,'1403150129','28010030','40','2017-2018','1'),(748,'1403150130','28010030','85','2017-2018','1'),(749,'1403150131','28010030','40','2017-2018','1'),(750,'1403140134','28010030','85','2017-2018','1'),(751,'1403140205','28010030','40','2017-2018','1'),(752,'1403150230','14040242','旷考','2017-2018','1'),(753,'1403150101','14040242','70','2017-2018','1'),(754,'1403150103','14040242','95','2017-2018','1'),(755,'1403150104','14040242','88','2017-2018','1'),(756,'1403150105','14040242','84','2017-2018','1'),(757,'1403150106','14040242','78','2017-2018','1'),(758,'1403150107','14040242','85','2017-2018','1'),(759,'1403150108','14040242','91','2017-2018','1'),(760,'1403150109','14040242','85','2017-2018','1'),(761,'1403150110','14040242','85','2017-2018','1'),(762,'1403150111','14040242','85','2017-2018','1'),(763,'1403150113','14040242','66','2017-2018','1'),(764,'1403150114','14040242','90','2017-2018','1'),(765,'1403150115','14040242','78','2017-2018','1'),(766,'1403150116','14040242','70','2017-2018','1'),(767,'1403150117','14040242','65','2017-2018','1'),(768,'1403150118','14040242','74','2017-2018','1'),(769,'1403150119','14040242','80','2017-2018','1'),(770,'1403150120','14040242','63','2017-2018','1'),(771,'1403150121','14040242','85','2017-2018','1'),(772,'1403150122','14040242','72','2017-2018','1'),(773,'1403150123','14040242','61','2017-2018','1'),(774,'1403150124','14040242','77','2017-2018','1'),(775,'1403150125','14040242','61','2017-2018','1'),(776,'1403150126','14040242','69','2017-2018','1'),(777,'1403150127','14040242','70','2017-2018','1'),(778,'1403150128','14040242','65','2017-2018','1'),(779,'1403150129','14040242','70','2017-2018','1'),(780,'1403150130','14040242','65','2017-2018','1'),(781,'1403150131','14040242','70','2017-2018','1'),(782,'1403140134','14040242','65','2017-2018','1'),(783,'1403140205','14040242','70','2017-2018','1'),(784,'1403150230','14040511','60','2017-2018','1'),(785,'1403150101','14040511','60','2017-2018','1'),(786,'1403150103','14040511','96','2017-2018','1'),(787,'1403150104','14040511','92','2017-2018','1'),(788,'1403150105','14040511','89','2017-2018','1'),(789,'1403150106','14040511','79','2017-2018','1'),(790,'1403150107','14040511','87','2017-2018','1'),(791,'1403150108','14040511','93','2017-2018','1'),(792,'1403150109','14040511','88','2017-2018','1'),(793,'1403150110','14040511','88','2017-2018','1'),(794,'1403150111','14040511','88','2017-2018','1'),(795,'1403150113','14040511','68','2017-2018','1'),(796,'1403150114','14040511','93','2017-2018','1'),(797,'1403150115','14040511','85','2017-2018','1'),(798,'1403150116','14040511','60','2017-2018','1'),(799,'1403150117','14040511','16','2017-2018','1'),(800,'1403150118','14040511','79','2017-2018','1'),(801,'1403150119','14040511','93','2017-2018','1'),(802,'1403150120','14040511','63','2017-2018','1'),(803,'1403150121','14040511','92','2017-2018','1'),(804,'1403150122','14040511','84','2017-2018','1'),(805,'1403150123','14040511','71','2017-2018','1'),(806,'1403150124','14040511','89','2017-2018','1'),(807,'1403150125','14040511','60','2017-2018','1'),(808,'1403150126','14040511','67','2017-2018','1'),(809,'1403150127','14040511','60','2017-2018','1'),(810,'1403150128','14040511','16','2017-2018','1'),(811,'1403150129','14040511','60','2017-2018','1'),(812,'1403150130','14040511','16','2017-2018','1'),(813,'1403150131','14040511','60','2017-2018','1'),(814,'1403140134','14040511','16','2017-2018','1'),(815,'1403140205','14040511','60','2017-2018','1'),(816,'1403150230','14040251','缓考','2017-2018','1'),(817,'1403150101','14040251','优秀','2017-2018','1'),(818,'1403150103','14040251','优秀','2017-2018','1'),(819,'1403150104','14040251','优秀','2017-2018','1'),(820,'1403150105','14040251','优秀','2017-2018','1'),(821,'1403150106','14040251','优秀','2017-2018','1'),(822,'1403150107','14040251','优秀','2017-2018','1'),(823,'1403150108','14040251','优秀','2017-2018','1'),(824,'1403150109','14040251','优秀','2017-2018','1'),(825,'1403150110','14040251','优秀','2017-2018','1'),(826,'1403150111','14040251','优秀','2017-2018','1'),(827,'1403150113','14040251','优秀','2017-2018','1'),(828,'1403150114','14040251','良好','2017-2018','1'),(829,'1403150115','14040251','优秀','2017-2018','1'),(830,'1403150116','14040251','良好','2017-2018','1'),(831,'1403150117','14040251','良好','2017-2018','1'),(832,'1403150118','14040251','良好','2017-2018','1'),(833,'1403150119','14040251','优秀','2017-2018','1'),(834,'1403150120','14040251','及格','2017-2018','1'),(835,'1403150121','14040251','优秀','2017-2018','1'),(836,'1403150122','14040251','良好','2017-2018','1'),(837,'1403150123','14040251','中等','2017-2018','1'),(838,'1403150124','14040251','优秀','2017-2018','1'),(839,'1403150125','14040251','良好','2017-2018','1'),(840,'1403150126','14040251','良好','2017-2018','1'),(841,'1403150127','14040251','良好','2017-2018','1'),(842,'1403150128','14040251','良好','2017-2018','1'),(843,'1403150129','14040251','良好','2017-2018','1'),(844,'1403150130','14040251','良好','2017-2018','1'),(845,'1403150131','14040251','良好','2017-2018','1'),(846,'1403140134','14040251','良好','2017-2018','1'),(847,'1403140205','14040251','良好','2017-2018','1'),(848,'1403150201','20040063','70','2017-2018','1'),(849,'1403150202','20040063','70','2017-2018','1'),(850,'1403150203','20040063','86','2017-2018','1'),(851,'1403150204','20040063','72','2017-2018','1'),(852,'1403150205','20040063','70','2017-2018','1'),(853,'1403150206','20040063','72','2017-2018','1'),(854,'1403150207','20040063','72','2017-2018','1'),(855,'1403150208','20040063','73','2017-2018','1'),(856,'1403150209','20040063','65','2017-2018','1'),(857,'1403150210','20040063','70','2017-2018','1'),(858,'1403150211','20040063','81','2017-2018','1'),(859,'1403150212','20040063','70','2017-2018','1'),(860,'1403150214','20040063','54','2017-2018','1'),(861,'1403150215','20040063','50','2017-2018','1'),(862,'1403150216','20040063','79','2017-2018','1'),(863,'1403150217','20040063','73','2017-2018','1'),(864,'1403150218','20040063','74','2017-2018','1'),(865,'1403150219','20040063','74','2017-2018','1'),(866,'1403150220','20040063','71','2017-2018','1'),(867,'1403150221','20040063','89','2017-2018','1'),(868,'1403150222','20040063','71','2017-2018','1'),(869,'1403150223','20040063','70','2017-2018','1'),(870,'1403150224','20040063','71','2017-2018','1'),(871,'1403150225','20040063','72','2017-2018','1'),(872,'1403150226','20040063','72','2017-2018','1'),(873,'1403150227','20040063','70','2017-2018','1'),(874,'1403150228','20040063','76','2017-2018','1'),(875,'1403150229','20040063','71','2017-2018','1'),(876,'3504150220','20040063','65','2017-2018','1'),(877,'1403150102','20040063','80','2017-2018','1'),(878,'1403150201','23030051','74','2017-2018','1'),(879,'1403150202','23030051','60','2017-2018','1'),(880,'1403150203','23030051','84','2017-2018','1'),(881,'1403150204','23030051','74','2017-2018','1'),(882,'1403150205','23030051','71','2017-2018','1'),(883,'1403150206','23030051','67','2017-2018','1'),(884,'1403150207','23030051','74','2017-2018','1'),(885,'1403150208','23030051','75','2017-2018','1'),(886,'1403150209','23030051','44','2017-2018','1'),(887,'1403150210','23030051','65','2017-2018','1'),(888,'1403150211','23030051','87','2017-2018','1'),(889,'1403150212','23030051','72','2017-2018','1'),(890,'1403150214','23030051','73','2017-2018','1'),(891,'1403150215','23030051','60','2017-2018','1'),(892,'1403150216','23030051','91','2017-2018','1'),(893,'1403150217','23030051','74','2017-2018','1'),(894,'1403150218','23030051','73','2017-2018','1'),(895,'1403150219','23030051','76','2017-2018','1'),(896,'1403150220','23030051','81','2017-2018','1'),(897,'1403150221','23030051','83','2017-2018','1'),(898,'1403150222','23030051','84','2017-2018','1'),(899,'1403150223','23030051','69','2017-2018','1'),(900,'1403150224','23030051','62','2017-2018','1'),(901,'1403150225','23030051','77','2017-2018','1'),(902,'1403150226','23030051','68','2017-2018','1'),(903,'1403150227','23030051','74','2017-2018','1'),(904,'1403150228','23030051','75','2017-2018','1'),(905,'1403150229','23030051','48','2017-2018','1'),(906,'3504150220','23030051','45','2017-2018','1'),(907,'1403150102','23030051','80','2017-2018','1'),(908,'1403150201','20050101','74','2017-2018','1'),(909,'1403150202','20050101','69','2017-2018','1'),(910,'1403150203','20050101','81','2017-2018','1'),(911,'1403150204','20050101','76','2017-2018','1'),(912,'1403150205','20050101','53','2017-2018','1'),(913,'1403150206','20050101','65','2017-2018','1'),(914,'1403150207','20050101','62','2017-2018','1'),(915,'1403150208','20050101','80','2017-2018','1'),(916,'1403150209','20050101','39','2017-2018','1'),(917,'1403150210','20050101','43','2017-2018','1'),(918,'1403150211','20050101','98','2017-2018','1'),(919,'1403150212','20050101','61','2017-2018','1'),(920,'1403150214','20050101','60','2017-2018','1'),(921,'1403150215','20050101','33','2017-2018','1'),(922,'1403150216','20050101','85','2017-2018','1'),(923,'1403150217','20050101','63','2017-2018','1'),(924,'1403150218','20050101','67','2017-2018','1'),(925,'1403150219','20050101','70','2017-2018','1'),(926,'1403150220','20050101','66','2017-2018','1'),(927,'1403150221','20050101','87','2017-2018','1'),(928,'1403150222','20050101','61','2017-2018','1'),(929,'1403150223','20050101','85','2017-2018','1'),(930,'1403150224','20050101','60','2017-2018','1'),(931,'1403150225','20050101','65','2017-2018','1'),(932,'1403150226','20050101','61','2017-2018','1'),(933,'1403150227','20050101','66','2017-2018','1'),(934,'1403150228','20050101','64','2017-2018','1'),(935,'1403150229','20050101','73','2017-2018','1'),(936,'3504150220','20050101','71','2017-2018','1'),(937,'1403150102','20050101','80','2017-2018','1'),(938,'1403150201','28010030','97','2017-2018','1'),(939,'1403150202','28010030','94','2017-2018','1'),(940,'1403150203','28010030','90','2017-2018','1'),(941,'1403150204','28010030','94','2017-2018','1'),(942,'1403150205','28010030','93','2017-2018','1'),(943,'1403150206','28010030','92','2017-2018','1'),(944,'1403150207','28010030','85','2017-2018','1'),(945,'1403150208','28010030','93','2017-2018','1'),(946,'1403150209','28010030','81','2017-2018','1'),(947,'1403150210','28010030','90','2017-2018','1'),(948,'1403150211','28010030','100','2017-2018','1'),(949,'1403150212','28010030','90','2017-2018','1'),(950,'1403150214','28010030','85','2017-2018','1'),(951,'1403150215','28010030','78','2017-2018','1'),(952,'1403150216','28010030','85','2017-2018','1'),(953,'1403150217','28010030','95','2017-2018','1'),(954,'1403150218','28010030','94','2017-2018','1'),(955,'1403150219','28010030','98','2017-2018','1'),(956,'1403150220','28010030','77','2017-2018','1'),(957,'1403150221','28010030','100','2017-2018','1'),(958,'1403150222','28010030','63','2017-2018','1'),(959,'1403150223','28010030','93','2017-2018','1'),(960,'1403150224','28010030','91','2017-2018','1'),(961,'1403150225','28010030','98','2017-2018','1'),(962,'1403150226','28010030','83','2017-2018','1'),(963,'1403150227','28010030','96','2017-2018','1'),(964,'1403150228','28010030','92','2017-2018','1'),(965,'1403150229','28010030','85','2017-2018','1'),(966,'3504150220','28010030','80','2017-2018','1'),(967,'1403150102','28010030','80','2017-2018','1'),(968,'1403150201','14040242','89','2017-2018','1'),(969,'1403150202','14040242','87','2017-2018','1'),(970,'1403150203','14040242','87','2017-2018','1'),(971,'1403150204','14040242','85','2017-2018','1'),(972,'1403150205','14040242','88','2017-2018','1'),(973,'1403150206','14040242','81','2017-2018','1'),(974,'1403150207','14040242','91','2017-2018','1'),(975,'1403150208','14040242','90','2017-2018','1'),(976,'1403150209','14040242','88','2017-2018','1'),(977,'1403150210','14040242','89','2017-2018','1'),(978,'1403150211','14040242','88','2017-2018','1'),(979,'1403150212','14040242','92','2017-2018','1'),(980,'1403150214','14040242','91','2017-2018','1'),(981,'1403150215','14040242','77','2017-2018','1'),(982,'1403150216','14040242','87','2017-2018','1'),(983,'1403150217','14040242','87','2017-2018','1'),(984,'1403150218','14040242','83','2017-2018','1'),(985,'1403150219','14040242','95','2017-2018','1'),(986,'1403150220','14040242','86','2017-2018','1'),(987,'1403150221','14040242','83','2017-2018','1'),(988,'1403150222','14040242','83','2017-2018','1'),(989,'1403150223','14040242','81','2017-2018','1'),(990,'1403150224','14040242','92','2017-2018','1'),(991,'1403150225','14040242','80','2017-2018','1'),(992,'1403150226','14040242','89','2017-2018','1'),(993,'1403150227','14040242','85','2017-2018','1'),(994,'1403150228','14040242','87','2017-2018','1'),(995,'1403150229','14040242','71','2017-2018','1'),(996,'3504150220','14040242','73','2017-2018','1'),(997,'1403150102','14040242','54','2017-2018','1'),(998,'1403150201','14040511','71','2017-2018','1'),(999,'1403150202','14040511','71','2017-2018','1') ;
/*!40000 ALTER TABLE `t_stud_course_info` ENABLE KEYS */;
UNLOCK TABLES;

--
-- Table structure for table `t_stud_info`
--

DROP TABLE IF EXISTS `t_stud_info`;
/*!40101 SET @saved_cs_client     = @@character_set_client */;
/*!40101 SET character_set_client = utf8 */;
CREATE TABLE `t_stud_info` (
  `sNumber` varchar(20) NOT NULL COMMENT '学生学号',
  `sName` varchar(20) NOT NULL COMMENT '学生姓名',
  `sMajor` varchar(40) NOT NULL COMMENT '所学专业',
  `sClass` varchar(10) NOT NULL COMMENT '所在班级',
  `sEnrolledYear` varchar(4) NOT NULL COMMENT '入学年份',
  `sPhone` varchar(11) DEFAULT NULL COMMENT '联系电话',
  PRIMARY KEY (`sNumber`)
) ENGINE=InnoDB DEFAULT CHARSET=utf8;
/*!40101 SET character_set_client = @saved_cs_client */;

--
-- Dumping data for table `t_stud_info`
--

LOCK TABLES `t_stud_info` WRITE;
/*!40000 ALTER TABLE `t_stud_info` DISABLE KEYS */;
INSERT INTO `t_stud_info` VALUES (1403150101,'陈文文','通信工程','通信1601','',''),(1403150102,'程双艺','通信工程','通信1302','',''),(1403150103,'崔新琪','通信工程','通信1601','',''),(1403150104,'方仙仙','通信工程','通信1601','',''),(1403150105,'郭城希','通信工程','通信1601','',''),(1403150106,'何琦','通信工程','通信1601','',''),(1403150107,'居辰','通信工程','通信1601','',''),(1403150108,'李文琪','通信工程','通信1601','',''),(1403150109,'李钰霞','通信工程','通信1601','',''),(1403150110,'陆茜','通信工程','通信1601','',''),(1403150111,'王婷','通信工程','通信1601','',''),(1403150113,'卞明','通信工程','通信1601','',''),(1403150114,'陈新宇','通信工程','通信1601','',''),(1403150115,'陈源','通信工程','通信1601','',''),(1403150116,'代子淇','通信工程','通信1601','',''),(1403150117,'康一浩','通信工程','通信1601','',''),(1403150118,'李慧峰','通信工程','通信1601','',''),(1403150119,'李新','通信工程','通信1601','',''),(1403150120,'梁方利','通信工程','通信1601','',''),(1403150121,'刘潇博','通信工程','通信1601','',''),(1403150122,'刘星星','通信工程','通信1601','',''),(1403150123,'陆诚','通信工程','通信1601','',''),(1403150124,'任正国','通信工程','通信1601','',''),(1403150125,'陶履方','通信工程','通信1601','',''),(1403150126,'田有鹏','通信工程','通信1601','',''),(1403150127,'熊毅','通信工程','通信1601','',''),(1403150128,'杨见辉','通信工程','通信1601','',''),(1403150129,'杨雨','通信工程','通信1601','',''),(1403150130,'殷凤','通信工程','通信1601','',''),(1403150131,'张润','通信工程','通信1601','',''),(1403140134,'周振康','通信工程','通信1601','',''),(1403140205,'赵静','通信工程','通信1601','',''),(1403150201,'白杨','通信工程','通信1602','',''),(1403150202,'陈华','通信工程','通信1602','',''),(1403150203,'姜邹婧','通信工程','通信1602','',''),(1403150204,'门捷','通信工程','通信1602','',''),(1403150205,'彭芊芊','通信工程','通信1602','',''),(1403150206,'石美香','通信工程','通信1602','',''),(1403150207,'孙琳琳','通信工程','通信1602','',''),(1403150208,'王邓颖','通信工程','通信1602','',''),(1403150209,'幸小义','通信工程','通信1602','',''),(1403150210,'张娜','通信工程','通信1602','',''),(1403150211,'迪力扎提江·吾尔开西','通信工程','通信1602','',''),(1403150212,'董过','通信工程','通信1602','',''),(1403150214,'来星宇','通信工程','通信1602','',''),(1403150215,'梁文杰','通信工程','通信1602','',''),(1403150216,'刘晨','通信工程','通信1602','',''),(1403150217,'刘一鸣','通信工程','通信1602','',''),(1403150218,'罗松','通信工程','通信1602','',''),(1403150219,'莫云程','通信工程','通信1602','',''),(1403150220,'潘洪峰','通信工程','通信1602','',''),(1403150221,'孙正茂','通信工程','通信1602','',''),(1403150222,'王嘉诚','通信工程','通信1602','',''),(1403150223,'王孝成','通信工程','通信1602','',''),(1403150224,'谢雍钦','通信工程','通信1602','',''),(1403150225,'闫志鹏','通信工程','通信1602','',''),(1403150226,'曾超','通信工程','通信1602','',''),(1403150227,'张旭照','通信工程','通信1602','',''),(1403150228,'赵显达','通信工程','通信1602','',''),(1403150229,'郑壮','通信工程','通信1602','',''),(1403150230,'朱海兵','计算机科学与技术','计1203','',''),(3504150220,'王平','通信工程','通信1602','','') ;
/*!40000 ALTER TABLE `t_stud_info` ENABLE KEYS */;
UNLOCK TABLES;
/*!40103 SET TIME_ZONE=@OLD_TIME_ZONE */;

/*!40101 SET SQL_MODE=@OLD_SQL_MODE */;
/*!40014 SET FOREIGN_KEY_CHECKS=@OLD_FOREIGN_KEY_CHECKS */;
/*!40014 SET UNIQUE_CHECKS=@OLD_UNIQUE_CHECKS */;
/*!40101 SET CHARACTER_SET_CLIENT=@OLD_CHARACTER_SET_CLIENT */;
/*!40101 SET CHARACTER_SET_RESULTS=@OLD_CHARACTER_SET_RESULTS */;
/*!40101 SET COLLATION_CONNECTION=@OLD_COLLATION_CONNECTION */;
/*!40111 SET SQL_NOTES=@OLD_SQL_NOTES */;

-- Dump completed on 2015-05-14 13:12:11
